title,authors,year,citations,abstract,result_id,publication_info,pdf_links,url,total_results,search_time,busca
Experimental metaphysics: The scanpath as an epistemological mechanism,"LW Stark, YS Choi",1996.0,89,"… visual neurophysiologists, psychologists, and computer vision scientists believed that events in … Here we attempt to reserve Kant's distinction between sensation and perception for the …",xGX_HoEZfxgJ,"LW Stark, YS Choi - Advances in psychology, 1996 - Elsevier",[],https://www.sciencedirect.com/science/article/pii/S0166411596800690,unknown,unknown,r1_kant_cv.csv
The epistemological status of vision and its implications for design,D Vishwanath,2005.0,23,"… and computer vision. Many areas of research can indeed … it is precisely the things that Kant rejects based on Descartes’ … it is precisely those things that Kant embraced, that have been …",2LOh8divoFQJ,"D Vishwanath - Axiomathes, 2005 - Springer",[],https://link.springer.com/article/10.1007/s10516-004-5445-y,unknown,unknown,r1_kant_cv.csv
"Minds, brains, and deep learning: The development of cognitive science through the Lens of Kant's approach to cognition",T Schlicht,2022.0,21,"… makes explicit in the third Critique , this assumption is to be taken only in an epistemological sense, ie, we only regard it as if organisms were possible only through reason, since as …",QQpJDrEFrbMJ,"T Schlicht - Kant and artificial intelligence, 2022 - library.oapen.org",[],https://library.oapen.org/bitstream/handle/20.500.12657/57223/9783110706611.pdf?sequence=1#page=12,unknown,unknown,r1_kant_cv.csv
The predictive processing paradigm has roots in Kant,LR Swanson,2016.0,206,"… Throughout his critical period work, Kant maintained a sharp epistemic divide between … To address this challenge, researchers in computer vision, machine learning and computational …",f7iRaHPGPNQJ,"LR Swanson - Frontiers in systems neuroscience, 2016 - frontiersin.org",[],https://www.frontiersin.org/journals/systems-neuroscience/articles/10.3389/fnsys.2016.00079/full,unknown,unknown,r1_kant_cv.csv
Judging machines: Philosophical aspects of deep learning,A Schubbach,2021.0,59,"… a new form of justification, that is to be specified with the help of Kant’s epistemology. … on his epistemology, his ethics or his aesthetics, it is almost impossible to characterize the Kantian …",5lzJ3JQQb8cJ,"A Schubbach - Synthese, 2021 - Springer",[],https://link.springer.com/article/10.1007/s11229-019-02167-z,unknown,unknown,r1_kant_cv.csv
Getting past passive vision-on the use of an ontology for situated perception in robots,MJ Schlemmer,2009.0,6,"… two foundational findings from vision research that computer vision builds on: Gibson’s “… Kant’s work) to reunite both sides of the coin (idealism and realism, but also epistemology and …",D6UHOSHgVrAJ,MJ Schlemmer - 2009 - repositum.tuwien.at,[],https://repositum.tuwien.at/handle/20.500.12708/14734,unknown,unknown,r1_kant_cv.csv
Kantian philosophy of mathematics and young robots,A Sloman,2008.0,18,"… Numbers and their properties are things we can discover by thinking about them in the right way (Kant, and many mathematicians, eg [5]). 4. Numbers are sets of sets, or predicates of …",uJLMEYNn09EJ,"A Sloman - International Conference on Intelligent Computer …, 2008 - Springer",[],https://link.springer.com/chapter/10.1007/978-3-540-85110-3_45,unknown,unknown,r1_kant_cv.csv
Kant machine: Critical philosophy after AI,Y Hui,2026.0,7,… This shift in epistemological foundation is our Ariadne's thread to trace the concept of machine in Kant and to understand Kant's philosophy as both an antidote to machines and partially …,Gy-5_RyauRwJ,Y Hui - 2026 - books.google.com,[],https://books.google.com/books?hl=en&lr=&id=lHS1EQAAQBAJ&oi=fnd&pg=PP1&dq=Kant+epistemology+computer+vision&ots=hQK34tJLwc&sig=rKxTXM93b5nHrOfbu6AVh6hZP6E,unknown,unknown,r1_kant_cv.csv
Hume's Empiricism versus Kant's Critical Philosophy (in the Times of Artificial Intelligence and the Attention Economy).,J Kaluža,2023.0,10,… Kant’s autonomy of the human mind has perhaps never been so severely challenged … in a specifically Kantian way. By this we mean (as it will be further developed) Kant’s fundamental …,5WsYZEh1-IUJ,"J Kaluža - Information Society/Információs Társadalom (InfTars), 2023 - inftars.infonia.hu",[],https://inftars.infonia.hu/pub/PUB_2023-Oct-09-20-15-06_74487.pdf#page=67,unknown,unknown,r1_kant_cv.csv
"The pursuit of cyberism: ontology, epistemology, and ethics in the digital age","H Ning, C Han, J Ding",2026.0,0,"… for addressing the ontological, epistemological, and ethical … , threatening not only epistemological foundations but also … shows how ontological, epistemological, and ethical claims …",Vqc7iQS4OmEJ,"H Ning, C Han, J Ding - AI & SOCIETY, 2026 - Springer",[],https://link.springer.com/article/10.1007/s00146-026-03142-2,unknown,unknown,r1_kant_cv.csv
The Intersection of Insight Phenomenon in Artificial Intelligence and Kant's Transcendental Philosophy,Z Zhang,2025.0,0,"… Recently, deep learning [8], and reinforcement learning [8] … For example, deep neural networks in fields of image … I suggest how Kant's a priori concepts may be applied to artificial …",hOAVUCUTDQ0J,"Z Zhang - … International Conference on Artificial Intelligence and …, 2025 - ieeexplore.ieee.org",[],https://ieeexplore.ieee.org/abstract/document/11189595/,unknown,unknown,r2a_apriori_dl.csv
Kant's a Priori Philosophical Perspectives on Artificial Intelligence: Ontological and Epistemological Considerations,Z Zhang,,0,"… center around machine learning, artificial neural networks, and reinforcement learning (… how to implement them in biological or artificial neural networks, despite the obvious similarities …",XaEV349pq3EJ,Z Zhang - Available at SSRN 4913519 - papers.ssrn.com,[],https://papers.ssrn.com/sol3/papers.cfm?abstract_id=4913519,unknown,unknown,r2a_apriori_dl.csv
Kantian and Neurosymbolic Artificial Intelligence: Applications and Insights in Computer Vision,"IA Frisch, N Alechina, D Aljawaheri, D Klein",2024.0,0,"… deep learning neural networks also extend to the field of computer vision, which uses mostly deep learning… faculty of combination: learning synthetic a priori concepts by applying innate …",sczqGjtx75AJ,"IA Frisch, N Alechina, D Aljawaheri, D Klein - 2024 - studenttheses.uu.nl",[],https://studenttheses.uu.nl/server/api/core/bitstreams/d828f991-60a2-4537-971f-64468fdf4dda/content,unknown,unknown,r2a_apriori_dl.csv
What Patent Claims Cannot Say: A Kant–Wittgenstein Framework for the Patentability of Neural Networks,G Dahiya,2026.0,0,"… held machine learning claims ineligible under § 101, stating that ‘claims that do no more than apply established methods of machine learning … through the mind’sa priori categories, time, …",01-qTXWYbqcJ,"G Dahiya - International Journal for the Semiotics of Law-Revue …, 2026 - Springer",[],https://link.springer.com/article/10.1007/s11196-026-10527-5,unknown,unknown,r2a_apriori_dl.csv
A neural network account of Kant's philosophical aesthetics,P beim Graben,2024.0,4,"… learning theory of Schmid-huber, I present a neural network analogy for the harmony of the faculties in terms of generative adversarial networks (… thereby a neural network analogue of …",OzkdW6D_iXEJ,"P beim Graben - Mind Matter, 2024 - ingentaconnect.com",[],https://www.ingentaconnect.com/content/imp/mm/2024/00000022/00000002/art00005,unknown,unknown,r2a_apriori_dl.csv
The Importance of Kant's Philosophy of Mind for Contemporary Research in Artificial Intelligence,AG Pushkarsky,2025.0,0,… in the use of artificial neural networks with deep learning architecture in the field of … priori conditions of the very possibility of its existence. This Kantian method aims to reveal an a priori …,OYOGv9abguQJ,"AG Pushkarsky - RUDN Journal of Philosophy, 2025 - journals.rudn.ru",[],https://journals.rudn.ru/philosophy/article/view/44928,unknown,unknown,r2a_apriori_dl.csv
Kantian ethics in the age of artificial intelligence and robotics,O Ulgen,2017.0,58,… philosophy guiding our understanding of moral conduct. … to artificial intelligence and robotics with discussion of fully autonomous and human-machine rulegenerating approaches; types …,k9rNIvW0LvkJ,"O Ulgen - QIL, 2017 - open-access.bcu.ac.uk",[],http://www.open-access.bcu.ac.uk/5579/,unknown,unknown,r2b_categories_ai.csv
Conscious limits: a Kantian perspective on the limits of human understanding and artificial intelligence,R Shetty,2025.0,4,"… perspective, particularly within Kant’s framework, AI operates entirely within the phenomenal realm—the structured and filtered reality shaped by human-defined categories such as data…",AVIvuR4C4yYJ,"R Shetty - Discover Artificial Intelligence, 2025 - Springer",[],https://link.springer.com/article/10.1007/s44163-025-00221-z,unknown,unknown,r2b_categories_ai.csv
Analyzing the problem of artificial intelligence through the prism of Immanuel Kant's philosophy,"YV Grigorova, SV Komarov",2024.0,2,"… Kant’s philosophy as an archetype of artificial intelligence. Categories of the mind are considered … With this understanding of the mind, the capacity to judge in the process of categorical …",H_JHUd9uz_8J,"YV Grigorova, SV Komarov - Vestnik Permskogo universiteta …, 2024 - journal-vniispk.ru",[],https://journal-vniispk.ru/2078-7898,unknown,unknown,r2b_categories_ai.csv
Kantian Idealism and AI,V Chaly,2025.0,0,"… Artificial intelligence is hailed as one of the major … we will understand the ability, described and defended by Kant, to … believes that all natural events are the effects of two types of causes: …",Bk4hDRjgDxEJ,"V Chaly - Dialectic of Digital Enlightenment: Reclaiming Radical …, 2025 - Springer",[],https://link.springer.com/chapter/10.1007/978-3-031-95469-6_2,unknown,unknown,r2b_categories_ai.csv
A Kantian Critique of Artificial Intelligence,J Noller,2026.0,1,"… , or whether it is not just a matter of inauthentic concepts or category errors. This problem … In this sense, we can understand Kant’s statement that enlightenment consists in the freedom “…",7n1BFwKKwz0J,"J Noller - Danish Yearbook of Philosophy, 2026 - brill.com",[],https://brill.com/view/journals/dyp/aop/article-10.1163-24689300-bja10090/article-10.1163-24689300-bja10090.xml,unknown,unknown,r2b_categories_ai.csv
CATEGORICAL IMPERATIVE AND THE ETHICS OF ARTIFICIAL INTELLIGENCE: A Kantian Approach to Algorithmic Moral Decision-Making,S Metlushko,2026.0,0,"… A moral agent is one who can understand the moral law, act from it, and bear responsibility … as a statistical representative of a demographic category. This is a paradigmatic violation of …",MXEbg8jiEBEJ,S Metlushko - 2026 - philarchive.org,[],https://philarchive.org/archive/METCIA-4,unknown,unknown,r2b_categories_ai.csv
Kantian moral agency and the ethics of artificial intelligence,"R Manna, R Nath",2021.0,27,"… Kant has segregated ‘actions’ into three diverse categories, ie, immoral action, amoral action… We can conclude that human beings possess a conscious moral understanding, which …",PThvAxTrWwMJ,"R Manna, R Nath - Problemos, 2021 - ceeol.com",[],https://www.ceeol.com/search/article-detail?id=1005362,unknown,unknown,r2b_categories_ai.csv
4 Tracing the Origins of Artificial Intelligence: A Kantian Response to McCarthy's Call for Philosophical Help,H Kim,2022.0,10,"… our understanding of what Artificial Intelligence really is. I shall argue that, from a Kantian point … [4] Varying kinds and degrees of intelligence occur in people, animals, and machines. 3 …",Nbzm_ivyt-QJ,"H Kim - Kant and Artificial Intelligence, 2022 - library.oapen.org",[],https://library.oapen.org/bitstream/handle/20.500.12657/57223/9783110706611.pdf#page=138,unknown,unknown,r2b_categories_ai.csv
A metaphysics for predictive processing,J Hohwy,2025.0,14,"… He argues that predictive processing is also committed to Kantian transcendental idealism, … of inference approximate the beliefs an ideal Bayesian actor would arrive at.This is central to …",fJGsYH6wfrcJ,"J Hohwy - Synthese, 2025 - Springer",[],https://link.springer.com/article/10.1007/s11229-025-05169-2,unknown,unknown,r3a_predictive.csv
Predictive processing's flirt with transcendental idealism,T Schlicht,2026.0,11,"… The popular predictive processing (PP) framework posits … PP also endorse a form of Kantian transcendental idealism (TI), … views, perception is portrayed as unconscious inference—an …",6MA239ENL4MJ,"T Schlicht - Noûs, 2026 - Wiley Online Library",[],https://onlinelibrary.wiley.com/doi/abs/10.1111/nous.12552,unknown,unknown,r3a_predictive.csv
"Neuroidealism, perceptual acquaintance and the Kantian roots of predictive processing",G Britten-Neish,2024.0,3,"… But this is something that the appeal to active inference fails to guarantee. Nonetheless, active inference is a crucial part of the Kantian solution to the neuroidealist challenge—though, …",prDFdjhr5ncJ,"G Britten-Neish - Synthese, 2024 - Springer",[],https://link.springer.com/article/10.1007/s11229-024-04778-7,unknown,unknown,r3a_predictive.csv
"Brain, mind, world: Predictive coding, neo-Kantianism, and transcendental idealism",D Zahavi,2018.0,90,"… Kant, in his work on perception and cognition, anticipated several core aspects of predictive coding … infer that of outer things (which inference from effect to cause is in fact uncertain)’’ (…",FxpQcsi2PbQJ,"D Zahavi - Husserl Studies, 2018 - Springer",[],https://link.springer.com/article/10.1007/s10743-017-9218-z,unknown,unknown,r3a_predictive.csv
Commentary: The predictive processing paradigm has roots in kant,MD Beni,2018.0,14,"… that PP has roots in Kant, but to … Kantian ideas to PP through works of Hermann van Helmholtz. PP stemmed out of Helmholtz’s statistical theories of perception as unconscious inference…",flGjckpUqu8J,"MD Beni - Frontiers in Systems Neuroscience, 2018 - frontiersin.org",[],https://www.frontiersin.org/journals/systems-neuroscience/articles/10.3389/fnsys.2017.00098/full,unknown,unknown,r3a_predictive.csv
More than roots: revisiting Kantian elements in predictive processing,"H Laiho, V Arstila",2026.0,0,"… It is in this context that Kant explicitly refers to inference and prediction, the key theoretical elements of PP, and makes a further distinction between the reproductive and anticipatory use …",6lkIrRMPVwAJ,"H Laiho, V Arstila - Synthese, 2026 - Springer",[],https://link.springer.com/article/10.1007/s11229-026-05522-z,unknown,unknown,r3a_predictive.csv
The problem of direct access in predictive processing models: a transcendental naturalist solution,D Christias,2024.0,2,"… The above digression to Kant and Kantian skepticism is … of what we perceive, has been frequently labeled as a ‘Kantian’ view of … Does this mean that our perception, however inference-…",3aKscvRGVdIJ,"D Christias - Phenomenology and the Cognitive Sciences, 2024 - Springer",[],https://link.springer.com/article/10.1007/s11097-024-10024-9,unknown,unknown,r3a_predictive.csv
7 Can the Kantian Brain Explain Consciousness?,"SS Gouveia, C Morujão",2026.0,0,"… , including Bayesian inference, predictive coding, and active inference, which together … Bayesian inference is foundational to PP, offering a statistical approach that allows the brain …",jlLxwFX_eJQJ,"SS Gouveia, C Morujão - Kant's Legacy for the 21st Century …, 2026 - books.google.com",[],https://books.google.com/books?hl=en&lr=&id=lBvcEQAAQBAJ&oi=fnd&pg=RA1-PT84&dq=predictive+processing+perception+Kant+inference&ots=sL9hGvnfFf&sig=pIvn4M2Xm5bLxNIDELT2VE0a4lw,unknown,unknown,r3a_predictive.csv
A constructivist model of robot perception and performance,"JA Lewis, GF Luger",2000.0,17,… robot control based on the constructivist insight that representation occurs as a product of the active interpretation of perception-… This architecture supports the control program for a robot …,Kx7EDJj0xwIJ,"JA Lewis, GF Luger - Proceedings of the Annual Meeting of the …, 2000 - escholarship.org",[],https://escholarship.org/content/qt01m268s7/qt01m268s7.pdf,unknown,unknown,r3b_active_vision.csv
Theoretic foundations of situating cognitive vision in robots and cognitive systems,"MJ Schlemmer, M Vincze",2012.0,3,"… ) proposed Active Vision, where the design of model and control strategies for perception is … formulate our ‘rationalism cum constructivism’ stance: with constructivism we share that all …",gbeeSKlIIa0J,"MJ Schlemmer, M Vincze - Journal of Experimental & Theoretical …, 2012 - Taylor & Francis",[],https://www.tandfonline.com/doi/abs/10.1080/13623079.2011.588252,unknown,unknown,r3b_active_vision.csv
Development of hierarchical structures for actions and motor imagery: a constructivist view from synthetic neuro-robotics study,"R Nishimoto, J Tani",2009.0,56,… a neuro-robotics experiment on developmental learning of goal-directed actions. The robot was … through the sensory–motor interactions is corresponded to Piaget’s constructivist view. …,IUyuKMye30gJ,"R Nishimoto, J Tani - Psychological Research PRPF, 2009 - Springer",[],https://link.springer.com/article/10.1007/s00426-009-0236-0,unknown,unknown,r3b_active_vision.csv
Active vision in satellite scene analysis,M Naillon,1994.0,1,"… perception should not be separated from recognition and decision making levels. This means that low level signal processing (perception … new concept of active vision, implemented in …",6vavRXLGXisJ,"M Naillon - … on Artificial Intelligence, Robotics, and Automation for …, 1994 - ntrs.nasa.gov",[],https://ntrs.nasa.gov/citations/19950017318,unknown,unknown,r3b_active_vision.csv
Active perception and representation for robotic manipulation,"Y Zaky, G Paruthi, B Tripp, J Bergstra",2003.0,27,"… objects from different distances and viewpoints, providing a rich visual experience from … visual-motor system, we present a framework that leverages the benefits of active perception to …",0EZJny7kn64J,"Y Zaky, G Paruthi, B Tripp, J Bergstra - arXiv preprint arXiv:2003.06734, 2020 - arxiv.org",[],https://arxiv.org/abs/2003.06734,unknown,unknown,r3b_active_vision.csv
The constructivist learning architecture: A model of cognitive development for robust autonomous robots,HH Chaput,2004.0,63,"… robot the same adaptability and robustness that infants have. This dissertation presents such a model, the Constructivist … The challenge of a constructivist model of causal perception is …",Y04KPrro4kwJ,HH Chaput - 2004 - search.proquest.com,[],https://search.proquest.com/openview/c1d825abff9a1b4c1ac90d90c99c5d46/1?pq-origsite=gscholar&cbl=18750&diss=y,unknown,unknown,r3b_active_vision.csv
Active vision and image/video understanding systems built upon network-symbolic models for perception-based navigation of mobile robots in real-world …,G Kuvich,2004.0,12,"… To be useful in the field conditions and real combat situations, the perception system of UGV must combine active vision with effective image/video understanding system. …",ffr1R2Gkp50J,"G Kuvich - Mobile Robots XVII, 2004 - spiedigitallibrary.org",[],https://www.spiedigitallibrary.org/conference-proceedings-of-spie/5609/0000/Active-vision-and-image-video-understanding-systems-built-upon-network/10.1117/12.577747.short,unknown,unknown,r3b_active_vision.csv
Revisiting active perception,"R Bajcsy, Y Aloimonos, JK Tsotsos",2018.0,571,"… This section dissects the components of an active vision system, as shown in Fig. 1, for specific cases and describes why would an agent wish to sense a particular scene or scene …",hf760B-a0GcJ,"R Bajcsy, Y Aloimonos, JK Tsotsos - Autonomous Robots, 2018 - Springer",[],https://link.springer.com/article/10.1007/s10514-017-9615-3,unknown,unknown,r3b_active_vision.csv
An interpretation of the 'self'from the dynamical systems perspective: A constructivist approach,J Tani,1998.0,143,… perception and the top-down prediction are investigated. Our experiments with a real mobile robot showed that the incremental learning of the robot … the bottom-up perception works well …,R11fNEdWyEYJ,"J Tani - Journal of Consciousness Studies, 1998 - ingentaconnect.com",[],https://www.ingentaconnect.com/content/imp/jcs/1998/00000005/F0020005/880,unknown,unknown,r3b_active_vision.csv
The engineering of vision from constructivism to virtual reality,L Manovich,1994.0,47,… Visual perception is reduced to a number of computational processes for … robot or an automatic missile to perform its task. Marr projects these goals of machine vision onto human vision. …,e_WpxfL3NP4J,L Manovich - 1994 - search.proquest.com,[],https://search.proquest.com/openview/088c45195baa8acb1cb708441ea4555a/1?pq-origsite=gscholar&cbl=18750&diss=y,unknown,unknown,r3b_active_vision.csv
Learning convolutional feature hierarchies for visual recognition,"K Kavukcuoglu, P Sermanet…",2010.0,772,… The encoder used in [14] is a simple feedforward function which can also be seen as a small convolutional neural network: z = gk × tanh(x ∗ Wk) (k = 1..K). This function has been …,VCVwWnqNnVcJ,"K Kavukcuoglu, P Sermanet… - Advances in neural …, 2010 - proceedings.neurips.cc",[],https://proceedings.neurips.cc/paper_files/paper/2010/hash/a01610228fe998f515a72dd730294d87-Abstract.html,unknown,unknown,r4a_cnn.csv
DeepCrack: A deep hierarchical feature learning architecture for crack segmentation,"Y Liu, J Yao, X Lu, R Xie, L Li",2019.0,1381,"… In this paper, we propose a deep hierarchical convolutional neural network (CNN), called as DeepCrack, to predict pixel-wise crack segmentation in an end-to-end method. DeepCrack …",VlOTtwoxmIUJ,"Y Liu, J Yao, X Lu, R Xie, L Li - Neurocomputing, 2019 - Elsevier",[],https://www.sciencedirect.com/science/article/pii/S0925231219300566,unknown,unknown,r4a_cnn.csv
Hierarchical convolutional features for visual tracking,"C Ma, JB Huang, X Yang, MH Yang",2015.0,2277,… features extracted from deep convolutional neural networks … The outputs of the last convolutional layers encode the … slowness constraints are imposed for feature learning. Li et al. …,YPzKPkjx8v8J,"C Ma, JB Huang, X Yang, MH Yang - Proceedings of the IEEE …, 2015 - cv-foundation.org",[],https://www.cv-foundation.org/openaccess/content_iccv_2015/html/Ma_Hierarchical_Convolutional_Features_ICCV_2015_paper.html,unknown,unknown,r4a_cnn.csv
HD-CNN: hierarchical deep convolutional neural networks for large scale visual recognition,"Z Yan, H Zhang, R Piramuthu…",2015.0,615,"… However, existing deep convolutional neural networks (CNN) … hierarchical structure of categories. In this paper, we introduce hierarchical deep CNNs (HD-CNNs) by embedding deep …",0KvLaBo4AXcJ,"Z Yan, H Zhang, R Piramuthu… - Proceedings of the …, 2015 - cv-foundation.org",[],https://www.cv-foundation.org/openaccess/content_iccv_2015/html/Yan_HD-CNN_Hierarchical_Deep_ICCV_2015_paper.html,unknown,unknown,r4a_cnn.csv
Do convolutional neural networks learn class hierarchy?,"A Bilal, A Jourabloo, M Ye, X Liu…",2017.0,312,… branch of the hierarchy are increasingly more … hierarchical similarity structure among the classes and on analyzing how it impacts both the classification results and the image features …,bF_5qI-8ex8J,"A Bilal, A Jourabloo, M Ye, X Liu… - IEEE transactions on …, 2017 - ieeexplore.ieee.org/abstract/document/8017618/,unknown,unknown,r4a_cnn.csv
3D2SeqViews: Aggregating sequential views for 3D global feature learning by CNN with hierarchical attention aggregation,"Z Han, H Lu, Z Liu, CM Vong, YS Liu…",2019.0,225,"… using convolutional neural networks with a novel hierarchical … the hierarchical attention aggregation, where view-level attention and class-level attention are proposed to hierarchically …",TW7APBk9bGUJ,"Z Han, H Lu, Z Liu, CM Vong, YS Liu… - … on Image Processing, 2019 - ieeexplore.ieee.org",[],https://ieeexplore.ieee.org/abstract/document/8666059/,unknown,unknown,r4a_cnn.csv
Learning spatial hierarchies of high-level features in deep neural network,"P Razzaghi, K Abbasi, P Bayat",2020.0,32,… of features that are needed to represent the raw data. Feature learning methods especially deep learning-… Convolutional neural network (CNN) is a well-known deep and feed-forward …,FG6qhjLJAVsJ,"P Razzaghi, K Abbasi, P Bayat - Journal of Visual Communication and …, 2020 - Elsevier",[],https://www.sciencedirect.com/science/article/pii/S1047320320300675,unknown,unknown,r4a_cnn.csv
Efficient object detection using convolutional neural network-based hierarchical feature modeling,"B Lee, E Erdenee, S Jin, PK Rhee",2016.0,25,"… in convolutional network (SPP) [19,20]. This paper presents a hierarchical deep feature-driven learning … differences and (2) the deep features extracted from visual objects show a strong …",BB0yj5N0g6AJ,"B Lee, E Erdenee, S Jin, PK Rhee - Signal, Image and Video Processing, 2016 - Springer",[],https://link.springer.com/article/10.1007/s11760-016-0962-x,unknown,unknown,r4a_cnn.csv
Tree-CNN: a hierarchical deep convolutional neural network for incremental learning,"D Roy, P Panda, K Roy",2020.0,348,"… our deep learning models are required to adapt to these changes. In this paper, we propose an adaptive hierarchical network structure composed of DCNNs that can grow and learn as …",HexcBRPOlx4J,"D Roy, P Panda, K Roy - Neural networks, 2020 - Elsevier",[],https://www.sciencedirect.com/science/article/pii/S0893608019302710,unknown,unknown,r4a_cnn.csv
Exploring hierarchical convolutional features for hyperspectral image classification,"G Cheng, Z Li, J Han, X Yao…",2018.0,325,"… deep learning models especially convolutional neural … proposed metric learning-based feature fusion, feature learning, and … It consists of an SVM loss function and a metric learning loss …",DEr5M_QxBFIJ,"G Cheng, Z Li, J Han, X Yao… - IEEE Transactions on …, 2018 - ieeexplore.ieee.org/abstract/document/8393448/,unknown,unknown,r4a_cnn.csv
Vision: A computational investigation into the human representation and processing of visual information,D Marr,2010.0,31047,… is a synopsis of the work that made his reputation—his computational theories of the human visual system.” The final stage in Marr’s theory of visual representations was a particular …,BgQQL_6lpscJ,D Marr - 2010 - direct.mit.edu,[],https://direct.mit.edu/books/monograph/3299/VisionA-Computational-Investigation-into-the-Human,unknown,unknown,r5a_marr.csv
Visual information processing: The structure and creation of visual representations,D Marr,1982.0,310,"… For human vision to be explained by a computational theory, … It is argued that vision is the construction of efficient symbolic … aspect of vision is therefore the choice of representations for …",rAlYpV_S4-kJ,"D Marr - Recognition of Pattern and Form: Proceedings of a …, 1982 - Springer",[],https://link.springer.com/chapter/10.1007/978-3-642-93199-4_4,unknown,unknown,r5a_marr.csv
A computational theory of human stereo vision,"D Marr, T Poggio, EC Hildreth, WEL Grimson",1991.0,3327,"… These ideas are illustrated by the representation shown in figure 3, which Marr & Nishihara … our theory and its implementation (Grimson & Marr 1979) demonstrate that the computational …",t2V6U5OkLIwJ,"D Marr, T Poggio, EC Hildreth, WEL Grimson - … papers of david marr, 1991 - Springer",[],https://link.springer.com/chapter/10.1007/978-1-4684-6775-8_11,unknown,unknown,r5a_marr.csv
Marr on computational-level theories,O Shagrir,2010.0,124,"… to the mathematical relations between the things that are being represented (specified by the Why element). This article … In section 7, I compare my view with other interpretations of Marr. …",KDsV37ubQwMJ,"O Shagrir - Philosophy of science, 2010 - cambridge.org",[],https://www.cambridge.org/core/journals/philosophy-of-science/article/marr-on-computationallevel-theories/21C3C13FB31C51228AAD3D086E273990,unknown,unknown,r5a_marr.csv
Marr's computational theory of vision,P Kitcher,1988.0,137,"… in its historical context, the development of computer vision. With Marr's theory out in view, I … to tell us exactly what features of the environment are represented by the visual system. So …",CKJaGf1hl7sJ,"P Kitcher - Philosophy of Science, 1988 - cambridge.org",[],https://www.cambridge.org/core/journals/philosophy-of-science/article/marrs-computational-theory-of-vision/F952298186F6AB1481677812248A891B,unknown,unknown,r5a_marr.csv
The vision of david marr,KA Stevens,2012.0,43,"… Marr proposed that we could describe vision at three increasingly specific … visual representations, which has profound impact on the nature of the corresponding computational …",WostfEXM58cJ,"KA Stevens - Perception, 2012 - journals.sagepub.com",[],https://journals.sagepub.com/doi/abs/10.1068/p7297,unknown,unknown,r5a_marr.csv
"Does this computational theory solve the right problem? Marr, Gibson, and the goal of vision",WH Warren,2012.0,58,"… understanding of the goal of vision, the natural constraints, … Marr makes his “conceptual leap” to assert that the visual process is one of forming an internal description or representation …",5ZzhwL_hGuMJ,"WH Warren - Perception, 2012 - journals.sagepub.com",[],https://journals.sagepub.com/doi/abs/10.1068/p7327,unknown,unknown,r5a_marr.csv
"Seeing, representing and describing: an examination of David Marr's computational theory of vision",P Hacker,2016.0,48,"… I shall argue in this paper that what Marr describes constitutes… of the theory of ‘machine-vision’, ie the theory underlying the … Marr, the visual process is a mapping of one representation …",z1rvHWt1IG8J,"P Hacker - Investigating psychology, 2016 - api.taylorfrancis.com",[],https://api.taylorfrancis.com/content/chapters/edit/download?identifierName=doi&identifierValue=10.4324/9781315463933-8&type=chapterpdf,unknown,unknown,r5a_marr.csv
From unconscious inference to the beholder's share: Predictive perception and human experience,AK Seth,2019.0,88,"… Helmholtz’s emphasis on unconscious inference. Also important is that the function of perception, … both enhance our understanding of visual perception and phenomenology through an …",uNxcK_GYfJoJ,"AK Seth - European Review, 2019 - cambridge.org",[],https://www.cambridge.org/core/journals/european-review/article/from-unconscious-inference-to-the-beholders-share-predictive-perception-and-human-experience/8FFFE6794CE680A8334474CC2F93C0FE,unknown,unknown,r6a_helmholtz.csv
Was Helmholtz a Bayesian?,G Westheimer,2008.0,55,"… he called `unconscious inferences' have made Helmholtz be … of Bayesian inference, and Helmholtz's views of perception … '' might be read as implying that human visual perception is a …",MAdqVo1T58AJ,"G Westheimer - Perception, 2008 - journals.sagepub.com",[],https://journals.sagepub.com/doi/abs/10.1068/p5973,unknown,unknown,r6a_helmholtz.csv
Hermann von Helmholtz and the empiricist vision,RS Turner,1977.0,56,"… that all perception is the result of empirical learning, of the countless unconscious inferences from … empiricist debate over the nature of our visual perception of depth. In this controversy, …",vafJdM-MIx4J,"RS Turner - Journal of the History of the Behavioral Sciences, 1977 - Wiley Online Library",[],https://onlinelibrary.wiley.com/doi/abs/10.1002/1520-6696(197701)13:1%3C48::AID-JHBS2300130106%3E3.0.CO;2-L,unknown,unknown,r6a_helmholtz.csv
Helmholtz's theory of perception: An investigation into its conceptual framework,PMS Hacker,1995.0,21,"… visual perception, it disrupts one's seeing, just as a ""ringing in the ears"" impairs one's hearing. According to Helmholtz … These unconscious inferences are ineffable, for ""we are not able …",0y9F_0fENYMJ,"PMS Hacker - International Studies in the Philosophy of Science, 1995 - Taylor & Francis",[],https://www.tandfonline.com/doi/pdf/10.1080/02698599508573519,unknown,unknown,r6a_helmholtz.csv
"Concerning the perceptions in general, 1867.",H Helmholtz,1948.0,534,"… It is not clear how the assumption of these original ""space sensations"" can help the explanation of our visual perceptions, when the adherents of this theory ultimately have to assume in …",gRXUXMp1AhIJ,H Helmholtz - 1948 - psycnet.apa.org,[],https://psycnet.apa.org/record/2006-10213-027,unknown,unknown,r6a_helmholtz.csv
"Conditions for versatile learning, Helmholtz's unconscious inference, and the task of perception",H Barlow,1990.0,237,"… changes very readily; I think Helmholtz’s unconscious inference results from automatic access and use of this store, and it is this that makes perception so effective for learning. …",ffFnLyNfZkMJ,"H Barlow - Vision research, 1990 - Elsevier",[],https://www.sciencedirect.com/science/article/pii/004269899090144A,unknown,unknown,r6a_helmholtz.csv
Helmholtz's theory of space-perception,JH Hyslop,1891.0,13,"… to Helmholtz's theory of "" unconscious inference "" as the source of the visual perception of … Even if we do not regard the expression ""unconscious inference"" as a self-contradiction, the …",-dFj4Oc11ecJ,"JH Hyslop - Mind, 1891 - JSTOR",[],https://www.jstor.org/stable/2247192,unknown,unknown,r6a_helmholtz.csv
Unconscious inference and judgment in perception,DW Hamlyn,1977.0,14,"… that the inset colour must be opposed to the colour of the surrounding area, and this inference sometimes overrides the given facts of sensory experience. Helmholtz thought that it does …",Nw2RTm2P1ZIJ,"DW Hamlyn - Images, Perception, and Knowledge: Papers Deriving …, 1977 - Springer",[],https://link.springer.com/content/pdf/10.1007/978-94-010-1193-8.pdf#page=198,unknown,unknown,r6a_helmholtz.csv
Inductive Biases in Neural Networks,ABS Tour,,0,"… This chapter took up the output-head axis of inductive bias in … next chapter, on convolutional networks: the prior that nearby … time-translation equivariance and squeeze the past through …",1-A5VrJjoOIJ,ABS Tour - metafunctor.com,[],https://metafunctor.com/latex/inductive-biases/inductive-biases-neural-networks.pdf,unknown,unknown,r7a_inductive_bias.csv
Grounding inductive biases in natural images: invariance stems from variations in data,"D Bouchacourt, M Ibrahim…",2021.0,38,"… While prior work has focused on synthetic data, we attempt here … convolutional inductive bias present in ResNet18, translation … is not invariant to translation, it is equivariant to translation, …",H-DgVVlFZxIJ,"D Bouchacourt, M Ibrahim… - Advances in Neural …, 2021 - proceedings.neurips.cc",[],https://proceedings.neurips.cc/paper_files/paper/2021/hash/a2fe8c05877ec786290dd1450c3385cd-Abstract.html,unknown,unknown,r7a_inductive_bias.csv
Equivariant neural networks for inverse problems,"E Celledoni, MJ Ehrhardt, C Etmann, B Owren…",2021.0,56,"… use of convolutional layers to encode an inductive bias (trans… As mentioned before, we will concern ourselves with solving … to roto-translations if there is no prior knowledge on the …",j1WWQCK9mH0J,"E Celledoni, MJ Ehrhardt, C Etmann, B Owren… - Inverse …, 2021 - iopscience.iop.org",[],https://iopscience.iop.org/article/10.1088/1361-6420/ac104f/meta,unknown,unknown,r7a_inductive_bias.csv
Scaling mlps: A tale of inductive bias,"G Bachmann, S Anagnostidis…",2023.0,99,"… In contrast to previous work, however, we find that compute-optimal MLPs allocate their … to a better inductive bias. Moreover, a convolution exhibits translationequivariance, ie shifts of …",JgAHPmDLpPwJ,"G Bachmann, S Anagnostidis… - Advances in Neural …, 2023 - proceedings.neurips.cc",[],https://proceedings.neurips.cc/paper_files/paper/2023/hash/bf2a5ce85aea9ff40d9bf8b2c2561cae-Abstract-Conference.html,unknown,unknown,r7a_inductive_bias.csv
Learning invariances in neural networks from training data,"G Benton, M Finzi, P Izmailov…",2020.0,243,"… the translation equivariance symmetry: when we translate an … However, we have a prior belief that a model should … , the inclusion of an inductive bias that we ought to include some …",E-2H00It8SAJ,"G Benton, M Finzi, P Izmailov… - Advances in neural …, 2020 - proceedings.neurips.cc",[],https://proceedings.neurips.cc/paper_files/paper/2020/hash/cc8090c4d2791cdd9cd2cb3c24296190-Abstract.html,unknown,unknown,r7a_inductive_bias.csv
Understanding Inductive Bias in the Era of Large-Scale Pretraining With Scientific Data,N Gruver,2025.0,0,… acquire stronger equivariance properties than convolutional neural … encompasses the assumptions built into a model before … of convolutional layers: if we translate the input image by an …,Xvj9UF5URC0J,N Gruver - 2025 - search.proquest.com,[],https://search.proquest.com/openview/088c09bb4896512b80bb14b8402b8663/1?pq-origsite=gscholar&cbl=18750&diss=y,unknown,unknown,r7a_inductive_bias.csv
Convolution filter equivariance/invariance in convolutional neural networks: a survey,"SB Habte, A Ibenthal, ET Bekele…",2022.0,2,… the translation equivariance property of the convolutional … incorporation of inductive biases in terms of equivariance to … applying lowpass filtering before downsampling and termed as …,3OefOD-XtmwJ,"SB Habte, A Ibenthal, ET Bekele… - Pan African Conference on …, 2022 - Springer",[],https://link.springer.com/chapter/10.1007/978-3-031-31327-1_11,unknown,unknown,r7a_inductive_bias.csv
Understanding and incorporating mathematical inductive biases in neural networks,M Finzi,2023.0,1,"… While translation equivariance may have been sufficient for … network priors with inductive biases for equivariances, but without … with inductive biases that assign significant prior mass for …",FfF-XZXlr5AJ,M Finzi - 2023 - search.proquest.com,[],https://search.proquest.com/openview/de08a4c306042b324b8032a068bcd355/1?pq-origsite=gscholar&cbl=18750&diss=y,unknown,unknown,r7a_inductive_bias.csv
